accel_x,accel_y,accel_z,angle_ankle,angle_knee,angle_shank,angle_thigh,current_ankle,current_knee,current_qaxis_ankle,current_qaxis_knee,ground_reaction_force_vertical,gyro_x,gyro_y,gyro_z,impedance_current_desired_ankle,impedance_current_desired_knee,impedance_damping_ankle,impedance_damping_knee,impedance_equilibrium_angle_ankle,impedance_equilibrium_angle_knee,impedance_stiffness_ankle,impedance_stiffness_knee,impedance_torque_desired_ankle,impedance_torque_desired_knee,loadcell_force_sagittal,loadcell_force_x,loadcell_force_y,loadcell_force_z,loadcell_moment_x,loadcell_moment_y,loadcell_moment_z,velocity_ankle,velocity_knee
-0.135620219699129,-0.0595314188248885,0.374748486983325,5.02522750909755,27.8083973255722,7.03334165904868,-20.7789548368867,-0.605239151268569,-0.6358698795145,-0.229819196250557,-0.241450184317496,0.0784523693359677,6.10662778639297,5.59455589606633,-2.77170111855581,-0.0183380791288667,-0.0155468705247387,0.000792393026941362,0.000792393026941362,8.00000000000001,53.3270934466916,0.0396196513470681,0.132395398510848,-0.00128058497422248,-0.00114716686470972,-23.2602493418184,-6.23261354167616,-26.6623465417034,46.061342610395,2.40906441788906,-3.1347327076653,0.0696660176842035,9.19796088971444,0.551750911401453
-0.267847984541952,-0.147586723587406,1.09902493134567,10.555369272412,57.9571840916206,14.8777683631581,-43.0873656610379,-1.29521991356548,-1.07099704256173,-0.491816167013373,-0.406675078755835,0.163851381031813,16.2989317799892,9.59518607233755,-10.7953097258583,-0.0287872271005128,-7.11961759629387e-05,0.000792393026941362,0.000792393026941362,7.84035646879551,52.3515534309238,0.0396196513470681,0.1323973347988,-0.00201027000785578,-5.25339770655218e-06,-44.6172500390956,-12.5498266649476,-50.5484934561329,93.090775866878,4.20663902612767,-6.29447305763279,-0.646974105259527,-0.0616913479556268,-2.03355219819607
-0.302183856034907,-0.142578830117801,0.924032939365916,9.30879984299064,50.7468578662458,13.3192751016111,-37.4342267679792,-1.05074294161488,-0.251261797553767,-0.398984265643982,-0.0954082105251206,0.167148348678834,14.1882722431476,4.23601211785037,-7.25490317022635,-0.0224362653455425,0.0260095467672053,0.000792393026941362,0.000792393026941362,7.6664062722817,51.2938170040794,0.0396196513470681,0.132425710844216,-0.00156676956606336,0.00191918303879727,-35.2053892569544,-8.79639750349447,-40.9915414523145,97.9919954128904,3.98705792972111,-5.98707708957945,-0.949333330957214,-1.75043927972308,-10.8486591388979
-0.371935820545703,-0.128622478802079,0.842613921898366,10.0485298881896,53.9871066251507,14.3302181785136,-39.664324661302,-1.04190057197796,0.539505346145163,-0.395626673395285,0.204858996256409,0.210534874832574,13.8844807947213,0.708188762627728,-4.58344067084817,-0.0271552283490408,0.0452058596749807,0.000792393026941362,0.000792393026941362,7.44709818292661,49.9593458648251,0.0396196513470681,0.132499763428116,-0.00189630425035204,0.00333563363940904,-33.2541263833283,-6.03912494988832,-40.9893115862835,126.013543231305,4.82191545511454,-6.84425224322707,-0.980360341479346,3.75279841129222,-22.3878302318118
-0.312910512423247,-0.114394783778473,0.955854802416485,9.69072509940758,50.6232104321789,13.6135576765141,-37.016694040117,-0.990499015069835,1.26477951327617,-0.376108662258874,0.480257449581807,0.245896284875352,11.809717381439,-5.37366922769302,-0.897138072057791,-0.0270687902310981,0.0507476899104609,0.000792393026941362,0.000792393026941362,7.09055582715696,47.7999039793852,0.0396196513470681,0.132659240673887,-0.00189026810260397,0.00374455220638837,-25.8684856441434,-1.97884918126584,-34.6047140547355,150.347755650739,5.1836324176046,-7.33565040936985,-1.33551525288244,1.64237016493358,-37.9855062428967
-0.266222870775964,-0.132358560531524,0.938002336324882,9.9769970450428,50.7214497329926,13.7091870269974,-37.0196703499158,-1.04913713471393,1.54899904091256,-0.398374514522403,0.588180248797951,0.301516248518601,11.8458230925881,-8.42102785900859,-1.05434925420778,-0.0300500504808006,0.0684919901778387,0.000792393026941362,0.000792393026941362,6.61819824936307,44.9315146097183,0.0396196513470681,0.13289594649083,-0.00209845550615848,0.00505386222294797,-21.501785409178,0.818402904886868,-31.2265194457823,186.869790804049,5.40766887226473,-7.99618439816715,-1.84778663323711,1.10165825945782,-47.7673458588552
-0.292728528801248,-0.120158373225187,0.932132920987166,9.74011082286969,48.1546145453309,13.1323511244454,-35.0296244701374,-1.05105335136438,2.31523859030611,-0.399102133298429,0.879133927204114,0.343232878189287,13.5295456329155,-11.4339504607492,-3.44078318473522,-0.0312333937267143,0.0913069752603607,0.000792393026941362,0.000792393026941362,6.13615043636652,42.0060872805115,0.0396196513470681,0.133185667529515,-0.00218109074670989,0.00673732609845071,-12.4354286770359,5.72740283756567,-23.3137547265532,215.269341601735,4.59132684299601,-7.37005991955111,-2.2903671933778,-2.26676351093291,-60.2935579145779
-0.328628257969224,-0.0980946303956533,0.931386243576596,9.64320463359684,46.7167116360201,12.8396994445767,-33.8842829720574,-1.07202737248408,3.14504557728043,-0.407066311864486,1.1942252004468,0.396512847079045,13.7856400811764,-16.544099512796,-2.53711595795094,-0.0345794596587432,0.114362341946909,0.000792393026941362,0.000792393026941362,5.64124719512188,39.034224195059,0.0396196513470681,0.133527902456998,-0.00241475326529772,0.00843852716489396,-3.14442568709494,10.7230051384115,-15.1698945909755,251.023741717463,4.19638267730159,-7.2119041279531,-2.84294191956656,-5.33969536831947,-76.9988795939317
-0.301187428619085,-0.090508426598017,0.934430843474301,9.28476137146687,43.9993866494618,12.1687741651709,-31.8380451984978,-1.09374890109614,3.75888668150587,-0.415314331240782,1.42731069880387,0.450105913324479,12.9493121803978,-21.8725756124931,-2.21267744957552,-0.0351678462527847,0.1277296400335,0.000792393026941362,0.000792393026941362,5.11460009509756,35.8675982128872,0.0396196513470681,0.133951857261665,-0.00245584148539256,0.00942486852608519,3.08587647500892,12.5371832390687,-8.17309487630297,285.690185525538,3.9408524706457,-7.29510668721704,-3.47251106060632,-6.42719646863615,-93.9492861614502
-0.274181435902253,-0.0549914311128,0.938151057235432,9.03684080510521,41.4120249555584,11.4784764409259,-29.9405430274909,-1.14363892135401,4.1670298233383,-0.434258387210321,1.58228931942764,0.49789748878119,11.1123632975762,-26.9116001451591,-0.90143340615958,-0.0374702863118236,0.133871688306564,0.000792393026941362,0.000792393026941362,4.59879435826444,32.7391839689247,0.0396196513470681,0.13444345967407,-0.00261662550878636,0.00987807576474424,6.83230764070635,12.2780961662404,-2.6157540384482,315.881427508978,3.21660900118517,-7.0376403925215,-4.16901333454473,-7.29942349398571,-109.733869810807
-0.228257306759663,-0.04638354287685,0.942996008753525,8.65648999338653,38.3126145213938,10.6313743455196,-27.6882572702274,-1.1859129661843,4.4321038838273,-0.450310532853568,1.68294227190233,0.541637126815442,9.76622378485376,-29.6161753256999,-2.67356250741383,-0.0383202310952767,0.137596191263201,0.000792393026941362,0.000792393026941362,4.10268197978361,29.6915887692454,0.0396196513470681,0.134992487666304,-0.0026759788636803,0.0101528980431294,11.5136064907083,12.2151747386696,4.06752371231689,343.29634250078,1.8718167318553,-6.14387639190271,-4.76228321912183,-10.1635208889005,-116.35123651131
-0.18358205991553,-0.0438458076455995,1.0062345088169,8.24372302227348,35.3631534698519,9.80786136611535,-25.5619903632096,-1.21421589615493,4.61272058927639,-0.461057617875665,1.75152538650873,0.590275964403127,7.52925868527231,-30.2695205778768,-2.50901561936432,-0.0388548965623667,0.14015608754417,0.000846071264250294,0.000881856755789581,3.61920684769133,26.7141571033624,0.0396356014518685,0.135566056966103,-0.00271331562935678,0.0103417867449391,16.9021143553414,12.8111225277988,11.092076826306,373.728719536814,0.278837271522932,-4.87183922603123,-5.2063502366071,-10.1572915804005,-117.938154444995
-0.164919999978063,-0.0762328798695664,0.981396055031777,7.84955701943911,32.4175859856396,8.94935434820443,-23.4754297739337,-1.26481820603708,4.84081494230531,-0.480272141855422,1.83813653975704,0.634525057049675,7.22843657205992,-32.024671824687,-4.62276970678417,-0.0400656065206035,0.146236875390933,0.000907417821174786,0.000984101017330401,3.16002989223062,23.9890302277393,0.0397376821225909,0.136137279796451,-0.0027978619425101,0.0107904737213975,25.576133833435,15.9356162368057,20.2344991035075,401.646195538929,-2.24672952720095,-2.50308220151039,-5.29832177106386,-13.6654129097136,-116.002868329936
-0.102694147822467,-0.0830308485584274,0.989530604085225,7.29664159732917,29.6128969090269,8.09309253082572,-21.5278226549815,-1.25533357700839,5.19965180808129,-0.47667067322019,1.9743927616238,0.673009193359344,7.32958391984402,-30.0938795805388,-5.28015469228117,-0.0376864561356529,0.134225835816404,0.000972981953887838,0.00109337457185215,2.73000376130199,21.3813682400994,0.039918317059455,0.136676089388692,-0.00263172108266468,0.0099042074732358,33.8329087826538,20.5331191863149,27.313839268646,425.601877607961,-4.5028439191042,-0.0165154179310009,-4.88827899504863,-20.0934060845694,-103.140896740414
-0.0852075970692221,-0.0579027712118457,0.968798740248177,6.72368818249981,27.383583101439,7.40736678592256,-19.9839932473717,-1.18582649199338,5.36095410474997,-0.450277697190158,2.03564187958993,0.711663399512496,7.26935433252239,-27.0016471835907,-4.34275729666547,-0.0361302938053497,0.145195591508626,0.001040079750524,0.00120520423291243,2.32943113666918,18.94596333987,0.0402417054342825,0.137146216311134,-0.00252305113508546,0.0107136398425383,39.5093694594381,23.5757669377437,32.298919192603,449.37132899259,-5.93837718505893,1.48527095177851,-4.51399310980081,-23.8692620019052,-91.2504930702497
-0.103442373335221,-0.0205761749470983,0.952524606981722,6.06005612655973,25.2056759628113,6.7418825437707,-18.4713506168984,-1.09456630256778,5.78027189613825,-0.415624711937128,2.19486369726056,0.742963551060909,6.58200725014599,-27.5569486309371,-1.46944804011146,-0.0330390840117349,0.151907515451538,0.00106078421348602,0.00123971167118245,1.9742092645981,16.7824906879474,0.0406504268697919,0.137569748973509,-0.00230718573358651,0.0112088968612102,39.4859418624846,21.7910252422534,34.0505292627478,467.772732067654,-6.81326412477979,2.088317490807,-4.28328750357842,-29.7464862004537,-90.9809254289344
-0.153088505314104,-0.0514467749859628,0.959566678851509,5.34526928007009,23.072542181642,6.13654797551388,-16.9434890877381,-0.971855080286174,6.56941800751993,-0.36902925555171,2.49451537158114,0.7808029889504,5.26754318795434,-26.4970012582011,1.47375836894101,-0.0288840830310129,0.153886874285175,0.00109912581156383,0.00130361433464547,1.65342595971663,14.7096316598814,0.041088655999182,0.137967481639116,-0.00201703365242243,0.0113549490756224,38.2288531592853,19.842273850788,34.2214887610428,490.22122748496,-6.93483314282389,2.19342535953217,-4.13265520768325,-31.9829412712088,-94.2140020895618
-0.198813831134146,-0.101248799795191,0.975226984373048,4.75276012043328,20.8741266689515,5.56167790594625,-15.3194447482797,-0.910174076497329,7.06234722248167,-0.345607970453137,2.68168864970348,0.832520334310424,5.60370936994,-29.7138851551267,1.6096822189701,-0.0270144304772783,0.145125214392201,0.00116584019221921,0.00141480496907111,1.33698255469025,12.7304062924385,0.0415831092479935,0.138377499739437,-0.00188647205158604,0.0107084468813009,43.1885560509778,22.4968813719214,38.580960334682,521.982219411468,-7.16824268064712,2.74327455525076,-3.83986899442492,-30.3269790669571,-98.4986869105225
-0.169759645904686,-0.0655384309736211,0.967876431015976,4.07975207573056,18.5648467757615,4.8953116298513,-13.6766886052354,-0.817046850714214,7.10044445076191,-0.310246040984991,2.69615478984724,0.875812776132606,5.35726807950861,-34.1048222792278,2.03198093538783,-0.0231800486769538,0.137225436786406,0.00117580900771944,0.00143141966157149,1.02470739493397,10.802047504638,0.042168478094167,0.138809377180471,-0.00161870945309238,0.0101255409457608,44.3826336351277,22.2752088147922,40.4913136058417,547.923823337039,-7.3588955388998,2.94353957762599,-3.49736954553773,-30.2639853349052,-99.070915175682
-0.148570700173801,-0.0374552926940874,0.958587051284451,3.45306854375084,16.338689210593,4.1144696245685,-12.2317677285049,-0.609818587762599,6.72157519960348,-0.231558083122189,2.55229194389158,0.893129712241717,5.29736787977803,-38.1457468027459,2.54977060496278,-0.0194508296051328,0.141949851323679,0.00120188129441235,0.00147487347272634,0.750043637355157,9.18805068346681,0.0427642145084607,0.139238940264799,-0.00135829057958886,0.0104741443385586,38.7784870749364,16.618399250368,38.2226630993168,557.075199805759,-7.48109783772426,2.64097201857258,-3.37083316076794,-33.2772828257213,-99.9991558479142
-0.149866375020161,-0.0517460941982074,0.941756544134235,2.69081737078496,13.9751557692116,3.22583740138087,-10.7567061697089,-0.413758515080471,6.18972837787589,-0.15711086960966,2.35034101450828,0.887387363643276,4.62313102337445,-41.9400270634422,4.13801343002294,-0.0149416908463699,0.13515835930113,0.00121415060579725,0.00149532232503451,0.568858962953507,8.00992805440876,0.0433759010275548,0.139679392602207,-0.00104340834461877,0.00997301617917688,27.9312649649716,7.98173480639905,31.5190389213003,551.748531364083,-7.25928044025399,2.05561567177814,-3.1880580095979,-36.6859894371518,-101.61803211247
-0.134802765035042,-0.0525079776283882,0.934798414384762,1.91573358131749,11.6679280141299,2.25514074412483,-9.41965156699251,-0.242800609164601,5.53083492520929,-0.092195359025268,2.10014840322528,0.861845136549064,3.83140982721759,-45.8347032149687,4.45691809330339,-0.00950665748079528,0.105177031222771,0.0012639946832984,0.00157839578753642,0.45751898923003,7.30791613063461,0.0439854608660089,0.140118221984752,-0.000663869025727041,0.0077607647761208,15.0564351222509,-0.578559846803106,21.871574597681,534.498046097276,-6.53448629809541,1.31430493048472,-2.79791292370836,-38.6922460425236,-101.235126138663
0.0766684861961159,-0.0552659955808795,0.930505048232783,0.997229797723479,9.44553702675618,1.26709439271013,-8.18519322440971,-0.0542934361417048,4.59361627111704,-0.0206161049390387,1.74427116471046,0.832336026834898,3.52555509634313,-44.8104247141816,5.85740980747107,-0.00216405798649593,0.0762116669122604,0.00132227391237667,0.0016755278360002,0.356404570258796,6.63424846925584,0.0445445120392618,0.140539658730776,-0.000151120524749535,0.00562347894046727,-3.02260970345719,-11.6281856217175,7.35356998532787,515.28431722921,-5.17628834869059,0.0746822973541492,-2.37307057128453,-40.4942904737626,-91.7062525638922
0.110390258932959,-0.0677195849105947,0.947182225760554,0.114043220114863,7.55803091068176,0.362302671353627,-7.20293454682113,0.190844255047001,3.1182474319095,0.072466682322201,1.18404950672764,0.81497093831758,3.19747566558991,-40.2430326590169,3.89405548934975,0.0051569484632538,0.0344463234907939,0.00150746383109248,0.00198417770052655,0.262018955446443,5.97352108237852,0.0451058228106948,0.14091873088749,0.000360120090467219,0.0025417128712066,-25.4818882284645,-25.7205771094329,-10.3162548181368,504.324927749317,-3.3537202349657,-1.68112088419388,-2.07197088420543,-39.5241711284488,-74.0865086372036
0.12248767417778,-0.0395685559372616,0.930654802818822,-0.705280542631175,6.11481790072742,-0.498578087591332,-6.62118106610719,0.42945129514681,1.70776563363787,0.163069674644371,0.648466518539579,0.802918035612731,2.95414416875474,-37.2490346414816,1.49809320781379,0.0103931089192182,0.017406860717656,0.00176626961811768,0.00241552067890189,0.187758093366995,5.55119599658087,0.0456705894381678,0.141232313792688,0.000725771713813676,0.00128441114899218,-42.7306524132173,-37.9928670290274,-22.4374011427951,497.405758407904,-2.13244550404194,-3.09620569336532,-1.99866174467318,-35.7627529383591,-59.0720915559854
0.209514231994787,-0.0465990008324857,0.94063568289281,-1.45386518800475,4.84393837831462,-1.25668631891342,-6.10727956007375,0.630678781046183,0.567224205304657,0.239479039398755,0.215384300046928,0.793129165867643,2.53319323506192,-30.4298318745142,1.96372269534605,0.0159919514999904,-0.006021555093004,0.00195222636879505,0.00272544859669751,0.137983373644726,5.25297487266128,0.0464017688257247,0.141493939524469,0.00111675015989791,-0.000444316331426729,-61.6358255216082,-51.3675445166517,-35.7986758640683,492.425888591411,-0.79144188939102,-4.69676173212096,-2.02303980232551,-30.6135949368068,-49.7657276035349
0.29388639614052,-0.0543884996259763,0.941172554293587,-2.05008000978928,3.86789098318119,-1.83441065485906,-5.70989421990719,0.807374180969744,-0.450344368449334,0.30657317021711,-0.171003116001437,0.790521387107158,2.39509182040935,-22.3555941901977,2.45537361902343,0.0207846874640567,-0.0268015052297651,0.00220719799601247,0.00315040130872654,0.0994256988113441,4.97140002584133,0.0471853177240427,0.141685683899611,0.00145143655850427,-0.00197761978367332,-81.2116007382133,-64.5902387475875,-50.2603084384226,492.193343329687,0.760680167618125,-6.35376586884746,-1.99447091905143,-24.0835239527667,-36.3866765262291
0.292639937607329,-0.0552599179318112,0.955980934911001,-2.52225814553908,3.22827621053013,-2.24444134043914,-5.4790454239271,0.941727743271784,-1.28077039904103,0.357589413361554,-0.486329450221739,0.793134662579998,2.57271066917897,-12.067710466692,0.923165246413937,0.0236172587586308,-0.0398676291096514,0.00247060477480701,0.00358941260671745,0.0751602394955197,4.7216686140172,0.0481149429988242,0.141823043117099,0.00164924071305913,-0.00294173821132388,-99.8482387338827,-76.9091614967292,-64.2975718997943,495.249359855704,2.33825430173422,-8.04735890446394,-2.02247376509734,-16.5147270747033,-24.1267234255886
0.0824393224326159,-0.0494696863084255,0.963390419585992,-2.8233114775277,2.68066433143847,-2.43334240234147,-5.12142011277359,1.02791237235208,-2.017817410677,0.390315125409213,-0.766198244991575,0.803523604793208,2.5349929317918,-5.53752438948268,-0.379071441020337,0.0254268305807702,-0.0567376408065309,0.00266959766883084,0.00392106743009049,0.0608736388445897,4.49571430414039,0.0491652573999284,0.141937174871919,0.00177560675548504,-0.00418653653875131,-110.631697820031,-84.7172779705479,-71.7395695149014,502.540192456855,3.3912712642963,-9.33942185741089,-2.26708906383978,-8.74459545510202,-18.0735912879295
0.0778603972676953,-0.0478328406377808,0.9656178198438,-2.95768856447605,2.30361018793305,-2.58287639145746,-4.89389642080097,1.04584002925822,-2.56140984553722,0.397122549701232,-0.972609175622239,0.817272215059834,2.01787681531083,-3.59246984157692,1.01148363018237,0.0255106348312845,-0.0530824812040111,0.00275970042431368,0.00407123868922857,0.0495906451769112,4.2713166172119,0.0503205766576351,0.142027701832239,0.00178145897496944,-0.00391683094272386,-115.117883491847,-88.8867810537488,-73.914491052107,511.607964445269,3.94015527789927,-10.0581396897576,-2.56653235764921,-3.61639698226241,-14.9193224857026
0.139760010127961,-0.0471749723809988,0.972560674632866,-2.97922988173116,1.99992284368049,-2.68602955425127,-4.69313729431391,1.03235721149883,-2.83671284643139,0.392002903468562,-1.07714622392497,0.833179309583373,1.82702527655025,0.336919465207792,0.888992367284984,0.0249172093363419,-0.0600994773166682,0.00283216604468074,0.00419201472317367,0.0391705632700398,4.04713625614079,0.0515423546853433,0.142088030398497,0.00174001887828299,-0.00443459851642484,-120.170815491602,-93.0066683803986,-76.9405286892603,521.952161808828,4.35181254159915,-10.6083304225638,-2.63064246500931,-0.397928415069581,-12.3594911910102
0.148806066377079,-0.0510335245485852,0.977575979261224,-2.9862311962072,1.79403971335118,-2.67070235174438,-4.47235491441934,1.00164984903741,-2.98373782538778,0.380342816137685,-1.13297401104299,0.852140643608646,1.87325306209587,4.63028670963689,0.431818458207219,0.0262745425439344,-0.0597261176339763,0.00295025816676039,0.00438883492663975,0.0305590543706336,3.82583849428948,0.0528130463677726,0.142122537030418,0.00183480418804426,-0.00440704918706487,-124.40936323574,-96.6368280451703,-79.3045807290142,533.861232891231,4.66144863696354,-11.1525475412077,-2.62958174274355,1.63361612305889,-7.43670753517381
0.0808002399824997,-0.033854099503958,0.974393172769321,-2.88220270599394,1.65750912741482,-2.59403565141497,-4.25876986155894,0.950158748414307,-3.0291815453606,0.360790803789416,-1.15022973413509,0.873645170848299,1.5644621798401,6.74458460674513,-0.488951498429695,0.025085384884453,-0.0576278273901573,0.00303307601860845,0.00452686467971986,0.0232211671093761,3.60631586796963,0.054128930013803,0.142146901080168,0.00175176291529086,-0.00425222130473173,-128.141307365923,-100.055491399078,-81.1636833780307,547.156196276889,5.00235088837985,-11.7721900422999,-2.67969594111278,4.74768919216364,-6.61636171907212
0.0562164279446133,-0.0379671602559981,0.975726412964676,-2.74995159415289,1.4888867818468,-2.46948392679801,-3.96559826236239,0.917218394383472,-2.96702322396143,0.348282813069206,-1.12662720373979,0.89468173534549,1.05789598093513,7.43748128784,0.226784577663765,0.0232444877974093,-0.0580856370186387,0.00305876488932058,0.00456967946424008,0.0182788552487715,3.39231465245584,0.055513000357855,0.142169214477515,0.00162320936656901,-0.00428600199617721,-128.92396406465,-102.094081472176,-80.231937022953,559.892784704206,5.02777971061,-12.1992493155536,-2.84817078393348,5.87519401609145,-6.95819175860507
0.107397554874908,-0.0432075271952758,0.978638538899397,-2.60432389933138,1.32600932451262,-2.37586940817199,-3.70909819762431,0.871888047680868,-2.97175674298162,0.331070139660494,-1.12842459826455,0.914769934295508,0.719789502854071,8.8908834279266,0.226039147708071,0.0224198569500927,-0.0566873050638324,0.00308445376003272,0.00461249424876029,0.0162037613273795,3.19173544708512,0.0569194008486274,0.142189016335134,0.00156562373478429,-0.00418282238315695,-129.782650003326,-103.97658697915,-79.5637968162742,572.124584550124,5.0545469511676,-12.5666566540995,-3.03490361834348,6.45745052184321,-6.46406475989577
0.0601895925147142,-0.0336248812861169,0.972997737239921,-2.4257887695411,1.17959118807332,-2.23200149097929,-3.41922653003025,0.820387478409707,-2.93143967881116,0.311514531911827,-1.11311555015783,0.934541739064944,0.17437019326454,10.3270303731597,0.151970337485222,0.0208984257312411,-0.0530351097515002,0.00309288891160983,0.00462655283472216,0.0159251303861092,2.98897882235956,0.0583437452073003,0.142206441679605,0.0014593791306203,-0.00391333551510277,-130.649204843445,-105.682942190091,-79.0829352127691,584.022956963934,5.11327398579634,-12.969806509682,-3.19758928893969,7.72481419603763,-5.90219907668711
0.0836191122038532,-0.0331197315432097,0.974689822287572,-2.2160489601526,1.04915237746014,-2.06943583411329,-3.12630710482539,0.729199632592947,-2.72787805312696,0.276889016709279,-1.03581987438381,0.953435392838589,-0.453175011868921,11.5683319071875,0.40080544807009,0.0183436078477456,-0.0513876332766554,0.00309442257553295,0.00462910894126068,0.0159251303861092,2.78515768150497,0.0597768621236134,0.14222073919175,0.00128097105578932,-0.00379177211626161,-130.22962491093,-106.545770372035,-77.626731399764,595.277908836234,5.08310166168786,-13.3038391623614,-3.37789386083518,9.58491592885044,-4.61988280472251
0.0778036414228666,-0.038340746297757,0.975353867694621,-1.9761002871528,0.962972877908457,-1.89110231802819,-2.8610826494158,0.619238071436528,-2.52718318648564,0.235134815001645,-0.959612753865503,0.973794016782587,-1.02134610023531,13.2871347819558,-0.0146002590233927,0.0149767452947248,-0.0487205712282033,0.00311896119830274,0.00467000664587701,0.0159251303861092,2.58133654065037,0.0612099790399264,0.142227389052387,0.00104585626730072,-0.00359497590552321,-129.232405946892,-106.956794801348,-75.8054263868524,607.384684017059,4.97901463654056,-13.5673004388913,-3.53556873601032,11.3170494641194,-2.82353452380519
0.061986502605935,-0.0405940484823749,0.977683165941328,-1.73977225369858,0.900169768374677,-1.63025877603285,-2.53720871242732,0.509802472763309,-2.37845731198783,0.193580329843898,-0.903139108915225,0.99547245375914,-1.45956260664824,14.9400808356127,0.211247053550902,0.0122078794014168,-0.0457695491951232,0.00313123050968764,0.00469045549818517,0.0159251303861092,2.375967012699,0.0626558560400798,0.142231641992837,0.000852500789134755,-0.00337722695804268,-127.238797397032,-106.633279887957,-73.3095530509685,620.07927447334,4.78253184331764,-13.7045165237015,-3.72372518124403,12.4900403714392,-2.57821496326082
0.0271024747645578,-0.0455288339777659,0.977131857316504,-1.41520131868049,0.836003709124186,-1.31948763163704,-2.16299425462464,0.374983547919149,-2.20132945377211,0.14238738093749,-0.835880766616323,1.01570978818963,-1.85268752758136,15.7888474480458,0.143032060771165,0.00815008516201347,-0.0377862868699262,0.00313123050968764,0.00469045549818517,0.0159251303861092,2.16904909765086,0.0641144931240735,0.142235757752631,0.000569136850362855,-0.00278816088219297,-124.200265566309,-105.664161988638,-69.9815380255761,631.763058372218,4.50962341881529,-13.7612386339633,-3.90627426795248,13.99016163343,-2.95166530745993
0.025390626184119,-0.0449132568806438,0.977960183368221,-1.08754218583384,0.758352093387909,-0.987175445362912,-1.752900500371,0.221577070262804,-1.94411651354897,0.0841364344798545,-0.738212809969059,1.03216408586567,-2.23141203873787,16.144685496849,0.407481903176933,0.0036663228343629,-0.0350204775738384,0.00316190378814989,0.00474157762895558,0.00318502607722165,1.97374408582853,0.0655731302080671,0.142236293777541,0.000256026702651928,-0.00258407834522649,-120.151450577942,-103.980913236769,-65.9388977093569,641.086117614225,4.10588340136994,-13.7339423910302,-4.06757932624639,14.6352816421893,-3.06196931232742
0.0052245555556648,-0.043853110728068,0.978734554476176,-0.755910828146301,0.701370247948774,-0.643766096196156,-1.35294165480118,0.0509369293789657,-1.6911832878788,0.0193415844708809,-0.642169930874504,1.04486484382014,-2.57147737452794,16.3287585480079,0.549276798054876,-0.000252427574758725,-0.0310602435324873,0.00316957210776545,0.00475435816164818,0,1.77765538731035,0.0670461223863811,0.142236293777541,-1.76275256009009e-05,-0.00229186202673947,-116.463472805773,-102.400754549266,-62.3034682137282,648.132280010712,3.69603444686911,-13.7579150060525,-4.17450281098781,14.401563652398,-1.93362126763063
-0.00821833803822154,-0.0484549735857756,0.975511771914769,-0.434055311995109,0.661168927852907,-0.271936528894276,-0.940131629829685,-0.123760930879315,-1.47787396179996,-0.0469940478937785,-0.561172893968617,1.05380075608227,-2.86125547104493,15.97389279746,0.976872674430938,-0.00433653815184032,-0.0280130068744101,0.00316957210776545,0.00475435816164818,0,1.58589167783433,0.0684877460252544,0.142236293777541,-0.000302829187199195,-0.00206701362927502,-112.839170586994,-100.580146495318,-58.9985389157406,652.857166919648,3.33877883345678,-13.7892612548163,-4.21924853110345,13.9856075273855,-1.9813373940623
-0.0130416942872796,-0.0459928551142113,0.977308054661516,-0.11307096126351,0.613410051045309,0.0914106417181339,-0.528739774788073,-0.300635425888006,-1.30223286730115,-0.114156184042639,-0.494479100148972,1.05803943528432,-3.26039061329262,15.4596541375288,1.0869202498685,-0.00835825094337155,-0.0226362517515865,0.00316957210776545,0.00475435816164818,0,1.39934236019836,0.0698985327948469,0.142236293777541,-0.000583673485845838,-0.0016702755650616,-109.639536917279,-98.6567242077605,-56.3969958729606,654.763961507142,3.09851191971942,-13.8717636570119,-4.18825644725869,13.4740849248914,-2.24302669472068
-0.0144247008383702,-0.0458451362236536,0.979302501542524,0.194198797762942,0.54431293881944,0.441265655456809,-0.10958624425938,-0.47446334203233,-1.10534282254686,-0.18016148441104,-0.419716732677657,1.05796155990714,-3.71839639608448,15.1493791663076,1.37069823693365,-0.0126474538145559,-0.0179622557417275,0.00316957210776545,0.00475435816164818,0,1.21986822804469,0.071285394407239,0.142236293777541,-0.000883197155126137,-0.0013253924363468,-107.242599516249,-96.9395464372877,-54.7243922627385,654.083316262355,2.95455436323389,-13.9766858145095,-4.10856991721628,13.032626010829,-3.29966335124
-0.0184053721978498,-0.0416878994006532,0.977198777905439,0.485927904007768,0.476651417586762,0.798385187784914,0.314809035717657,-0.635319637638376,-0.903983767312301,-0.241241248485356,-0.343257408896662,1.05501861936675,-4.20136118107078,15.1196701158159,1.47616994612511,-0.0166718495238015,-0.0163102190106225,0.00316957210776545,0.00475435816164818,0,1.04426853754178,0.0726423495731303,0.142236293777541,-0.00116422880731662,-0.00120349254696447,-105.458504498001,-95.0965599229875,-54.0442874056694,651.661937084008,2.88758643825229,-14.0392932799687,-3.98142772203411,12.3442236142334,-2.69679240797655
-0.0277015797409944,-0.0421260665652105,0.977079736314743,0.769383424961456,0.427930776476265,1.14968289391762,0.714692586250623,-0.811099578966876,-0.74217886146985,-0.307987764715202,-0.281817442013871,1.05030668121834,-4.84009679753232,14.6980372153347,1.70257503364359,-0.0209536095012202,-0.0122211916834137,0.00316957210776545,0.00475435816164818,0,0.877410782522743,0.0739272634323399,0.142236293777541,-0.00146323272434511,-0.000901772876037625,-103.846762273491,-92.8226162600189,-54.038883355687,648.198254593261,2.96933169594018,-14.1112917072387,-3.79075241205167,12.0121713009689,-2.01029119734135
-0.0305602922329973,-0.0385090648670253,0.979874249539925,1.04781162416489,0.377110581670446,1.47003928030384,1.08550476112897,-1.00111037805476,-0.607030023776575,-0.380137970189807,-0.230499219807385,1.04341941861186,-5.5466100512231,14.3734855383929,1.702392726235,-0.0254701352103708,-0.0107746588735834,0.00316957210776545,0.00475435816164818,0,0.723177145823431,0.0751183375083074,0.142236293777541,-0.00177863080492834,-0.000795036635743336,-102.716110086619,-90.5369579694516,-54.7255579892533,643.464776331386,3.13257100930535,-14.1435200662745,-3.52926805404289,11.7390698371782,-2.45109058684574
-0.0255874109675027,-0.0443066260541347,0.984133320935682,1.30320301336545,0.327782841474536,1.78420235662805,1.44936878761498,-1.18672154212061,-0.515039231262288,-0.450617562349927,-0.195568812622434,1.02033259095252,-6.34803923536252,14.3631909455054,1.76594327417072,-0.0293980917841336,-0.00911133286962582,0.00316957210776545,0.00475435816164818,0,0.58274549352035,0.0762049383978325,0.142236293777541,-0.00205292791818711,-0.000672303737574926,-101.228676296271,-87.0666434499265,-56.0923234693362,628.750153882708,3.38319440179377,-13.9476668179012,-3.20578334424017,10.7087699229281,-1.98800495311276
-0.0104496193502592,-0.047891803997637,0.990973429521461,1.53674543380527,0.28976808328096,2.09338842783659,1.79642954687622,-1.37183276642662,-0.447673839030737,-0.520907319213466,-0.169989072340747,0.97833877720253,-7.03266411807062,14.7049178879312,1.56681965694974,-0.0330508672494207,-0.00490264082793781,0.00316957210776545,0.00475435816164818,0,0.458752259191636,0.0771752364398549,0.142236293777541,-0.00230800858078997,-0.000361754289934682,-99.8886157016668,-82.5653179782931,-58.6985170736782,602.355697086793,3.83174275314917,-13.6187033250182,-2.87103981269769,10.1114714980502,-1.65744392330197
-0.0157659401266672,-0.0424447793584054,1.00139548240779,1.77292264600982,0.255720785971819,2.3901687279231,2.12685128271375,-1.53647945968071,-0.333277324418601,-0.583426359215517,-0.126550846332199,0.917508024150725,-7.93896951719715,15.0070413965479,1.01189744335415,-0.0372048194735405,-0.00129112611788659,0.00316957210776545,0.00475435816164818,0,0.347825711733723,0.078046112161955,0.142236293777541,-0.00259808742516971,-9.52691474624398e-05,-97.6580436620611,-77.2652341577365,-60.8440956639742,564.365805259312,4.23181673159699,-13.175460272298,-2.55918779505322,9.77188146115008,-1.35791753368681
-0.00548760696963306,-0.0421147467779605,1.03738412923382,1.98766953307593,0.232922298147535,2.68465085596373,2.44448955564724,-1.69593973522862,-0.188272728587826,-0.6439760316607,-0.0714902317030601,0.831416205586013,-8.77916731031474,15.384595632342,-0.243812117515703,-0.0404186015403061,0.000550070803464162,0.00316957210776545,0.00475435816164818,0,0.260664035239346,0.078740207555851,0.140124641834285,-0.00282251229520134,4.0588425688259e-05,-93.423586526786,-70.5417787355327,-61.5791243761845,510.840591862893,4.34577303138853,-12.3505982301974,-2.27517813047189,8.15950920913063,-0.784760088583511
0.0136447946542624,-0.050316864234635,1.10956708572711,2.15526636043537,0.220362751245626,2.98198284827905,2.75485282514297,-1.81965355479267,-0.0782725684283584,-0.690952190618202,-0.0297213733232036,0.723701602415365,-9.0270600158866,16.591069073016,-4.00944560132477,-0.0421847967120068,0.00139107686855375,0.00316957210776545,0.00475435816164818,0,0.198987218439988,0.0792365216502225,0.134049887402936,-0.00294584925882388,0.000102644277337342,-87.0841674528077,-62.4885606269855,-60.6670500527449,444.050235884975,4.14447017190987,-11.0734200344656,-2.00414810711679,5.53399441777301,-0.365500277360675
-0.00952519563719281,-0.0621925067340736,1.17713368321015,2.23493652629802,0.217718198408528,3.33578544142119,3.11133512757314,-1.87952820504101,-0.0232948567110819,-0.713687573758927,-0.00884543776603297,0.606886515700385,-8.27081365937625,17.4164978574931,-7.47331020005565,-0.0416826993096675,0.00307692071478546,0.00316957210776545,0.00475435816164818,0,0.160789389382401,0.0795430534226267,0.126557838348871,-0.00291078678665798,0.000227038713915073,-78.2267073696019,-53.0379078499556,-57.5913626519268,371.74747152366,3.60721825550884,-9.39937438442548,-1.72759000140523,1.66237997454719,-0.0749496772117407
-0.00714960604046945,-0.0791600455107218,1.25535218484677,2.23045486915955,0.214474739355866,3.70570693288016,3.48383537172987,-1.85368982436881,0.0239310489604151,-0.703876318379867,0.00908701035943863,0.493211486199008,-6.73054049055897,18.4489472882673,-9.11765821731707,-0.0391454548368573,0.00326831865579439,0.00316957210776545,0.00475435816164818,0,0.136206399034491,0.0797373868411636,0.114700376276013,-0.00273360589846478,0.000241161516028188,-67.9913929566415,-42.9301383490076,-53.2242116949134,301.539398543239,2.8192938051903,-7.468224837865,-1.47112432501313,-2.39507962047374,-0.201429749349418
-0.0428032902497197,-0.0846245748895326,1.33222512446454,2.11437494925222,0.216229681804266,4.09363684169645,3.87108252976647,-1.71297235034012,0.0615979904935146,-0.650443593956969,0.0233897635937752,0.404511652974795,-3.87532098752492,18.8669005917664,-8.58735170703248,-0.0350319575498063,0.00481993535510776,0.00316957210776545,0.00470643116405092,0.181451612903226,1.20842986029949,0.079462408874802,0.100777182228521,-0.00244635210376333,0.000355651648389568,-58.5151352998404,-33.9779995649549,-48.774898380176,246.849745686297,1.9796098700624,-5.74334329882689,-1.21982777383087,-6.16133672389121,0.161970768108758
-0.0673318061177696,-0.0959025071417197,1.3367259589416,1.93541202159209,0.21814898286878,4.44932271914371,4.22438160449559,-1.49549964900898,0.109103418522668,-0.567865655431999,0.0414283509262627,0.346785559916243,-1.16211061659703,17.028937475822,-4.8947778144281,-0.0298456268462426,0.00488929043239871,0.00316957210776545,0.0045191963601043,0.89032258064515,5.44535977317731,0.0780156769081336,0.0894615478193256,-0.00208418019231828,0.000360769195772558,-50.9171372043028,-27.3664899943076,-44.6412159972291,211.351002004056,1.28433326913839,-4.49704120714759,-0.977093110633452,-8.7879552501233,-0.0368587942019503
-0.107328263152724,-0.119725838548719,1.32554129299093,1.71680016153416,0.222470879880813,4.78034287569849,4.55133277778924,-1.23958829194942,0.124223960876179,-0.470691931181766,0.0471698679501909,0.306232425332373,1.11519427361805,16.8855068418202,0.882803999069321,-0.0250881661034653,0.00482434167540814,0.00316957210776545,0.00413322427278769,2.35161290322582,14.1963461376682,0.0749033399110475,0.0790421570160687,-0.0017519571334122,0.000355976780359751,-45.2412828940769,-22.4688199732746,-41.5120158746868,186.439542374813,0.798512424937968,-3.56696357237998,-0.731115443042568,-9.16577361292163,0.524657851620747
-0.127949611822375,-0.106113519190959,1.27687780727455,1.51447665283783,0.234108866481452,5.11360741802593,4.87231140793866,-1.02319180661723,0.133943034421081,-0.388522649458582,0.050860358999403,0.274155038250522,2.5569662741218,16.1070171574641,10.6738313118919,-0.0124055603884053,-0.00935085548512441,0.00316957210776545,0.00383671591431931,3.4741935483871,20.9125127940277,0.0725646848320639,0.0732446735102757,-0.000866305250324389,-0.000689977545780337,-40.3339747988675,-18.6605618155022,-38.380292369471,166.773754970097,0.307783848196626,-2.83830646747013,-0.543445793291641,-9.08877084055863,1.18108323963264
-0.0780799536781456,-0.0985516379445636,1.21765165263458,1.38814493758549,0.383373824674417,5.49929477192321,5.10905083767687,-0.692555869939138,-0.253522221666555,-0.262974781215684,-0.0962665304994605,0.249767182513401,3.24059616179852,19.2507777638733,23.0718960110531,0.00377721814416248,-0.0406822275145181,0.00316957210776545,0.00320983078574715,5.84758064516131,35.1100735483872,0.0676474180256633,0.064031766156308,0.000263770745331815,-0.00300184550408235,-37.8227961080641,-17.0816513815785,-36.4078598413181,151.682077726053,-0.0551877507378683,-2.39730799399992,-0.497460490465905,-4.12955591719796,10.860595665769
0.0119450215886678,-0.115656906559439,1.21698674751955,1.42542379709116,0.893731715767129,6.03708367479613,5.1366853277041,-0.237669654683842,-1.07557220316243,-0.0902470517614456,-0.408412342000894,0.229697290842492,3.59407720068218,29.1657370961666,26.9490152757516,0.00455474270092755,-0.0485812807220697,0.00316957210776545,0.00269669239813915,7.79032258064518,46.7448516129033,0.0635156648433107,0.0536459600652299,0.000318066850037515,-0.00358469798798663,-37.1751549723417,-16.768199129093,-35.8054092161142,139.046506902511,-0.324042728879294,-2.02691513823296,-0.508651310444884,4.28209848927002,28.7168389263926
0.0377115095726708,-0.119514064235312,1.17616352200976,1.58677267845581,1.80761489727759,6.85493366955049,5.04000938638559,0.0794105226684039,-1.55119394978311,0.0301534731440249,-0.589013691564195,0.214096264580936,4.44688079507536,42.7433534229871,24.9779370320398,0.0308450854811563,-0.0943651316800532,0.00316957210776545,0.00240529625274782,8.89354838709677,53.3633909677419,0.0610746575328461,0.0499508761264029,0.002153974400383,-0.00696298023933958,-36.8223974118201,-16.2869798750722,-35.7877539438157,129.055520505741,-0.504674353011853,-1.6155416469188,-0.493331960150679,8.09153345346007,46.2043777078831
0.0590026047461449,-0.0978054635493978,1.09875812392336,1.90611788723386,3.25280104247648,7.94671824942558,4.68682694680047,0.512929507955198,-2.44831911045212,0.194767716206695,-0.929666775438498,0.201355518749429,5.57330520633147,55.2437056252371,26.420632436588,0.0430378460636009,-0.131660461025069,0.00316957210776545,0.00220591994274321,9.6483870967742,57.8905496774194,0.0594153362302541,0.0472985782189203,0.00300541941195961,-0.00971491452508278,-37.4827783557579,-16.4981637037498,-36.5104898023878,120.617488444996,-0.46344157633079,-1.47438267670767,-0.528672445303331,19.6764893878381,78.3204177470432
0.114355121604625,-0.0942719172702211,1.02948765174314,2.46907984155519,5.47936974136879,9.49961974171358,4.01259002164512,1.01504652640815,-3.55704366713025,0.38542975345712,-1.3506676078284,0.184562982466209,4.82980750349108,78.8024967578723,27.5437357945138,0.0391260001629978,-0.139878995317672,0.00316957210776545,0.00197970451408414,10.5048387096774,63.0290322580646,0.0575169981084812,0.0440193638268041,0.00273224733943317,-0.0103213407638523,-39.4399974484639,-18.0924125088496,-37.6841667827284,109.235273768235,-0.480417108657186,-1.46787458612947,-0.581111391693646,31.149605462162,113.874618136142
0.0868748650452407,-0.0814756611029696,1.01539669587083,3.28936070099563,8.49733937461946,11.5419517421652,3.03725814054981,1.39624036757371,-3.91446153298855,0.53017528422576,-1.48638501223784,0.169160178732586,2.75109091913542,98.1630580067058,27.6892056189538,0.0363995699632105,-0.144265765558887,0.00316957210776545,0.00173559633965543,11.4290322580645,68.5741935483871,0.0554664894432801,0.0386078002401021,0.00254185523115517,-0.0106450301813341,-41.5531203150506,-20.2865176885144,-38.4784686199511,98.3873834813002,-0.519358859576952,-1.54319967477721,-0.675981640281398,35.5219249902056,144.35311518713
0.116915611754372,-0.103112661021682,0.992412413853408,4.0543458225753,12.0251185942543,13.9224644025334,1.88980534661167,1.30514282656656,-3.5472719080407,0.495584059235137,-1.34695711121692,0.16440736778505,0.212014128230529,111.143828279907,26.0141423559678,0.036820577233575,-0.145273103150683,0.00316957210776545,0.00162312765196053,11.8548387096774,71.1290322580645,0.0545217524666429,0.0364933592889868,0.00257125501619691,-0.010719359243575,-42.4754025318101,-21.5144412519966,-38.5548490757457,94.3209617040582,-0.440934419230625,-1.7056833380799,-0.791527142102432,36.3853778338106,166.840863908174
0.0797269893565296,-0.127429043807262,0.961774867516736,4.82586229056051,16.0808235793223,16.6501786348297,0.562531413578121,1.23825533679294,-3.362567990635,0.470185786326369,-1.27682201543943,0.165625191502497,-2.65935637359176,129.311500513096,21.4850642683724,0.041256704849608,-0.156287247036997,0.00316957210776545,0.00158478605388272,12,72,0.0541996830427893,0.0358829536419753,0.00288103873612223,-0.0115320669129042,-43.8765741105194,-23.0089868951814,-39.0418592823834,93.888526130595,-0.397451920684029,-1.82367193389639,-0.784913199816506,37.0805211434414,187.232817040075
-0.0369622971819807,-0.130284005407237,0.949670446548247,5.70709236062587,20.6398709770523,19.8263353875062,-0.820809060855243,1.25428546105322,-3.15735435869457,0.476272686464228,-1.19889904589366,0.169784762510228,-5.21910542416025,140.448368661051,17.7652428206296,0.033215097764437,-0.14102902788064,0.00316957210776545,0.00145825878022596,12.4790322580645,74.8741935483872,0.0531368539440724,0.0348707354527212,0.00231947712819675,-0.0104061989510659,-44.6458027774641,-23.8776512061671,-39.2610485847571,95.6242320663897,-0.288079598455027,-1.97757017013104,-0.78856456786922,35.8787182728211,204.770037742712
-0.121556888683044,-0.132498800279909,0.89243922075492,6.4793329402031,25.5236305483049,23.1380714971498,-2.39354319255465,1.13057542513569,-2.53307896036194,0.429297964219139,-0.961851475552105,0.172696409378466,-8.81343282091912,138.828056633821,17.0573912135752,0.0314782798279921,-0.128847889959921,0.00316957210776545,0.00139563417003221,12.7161290322581,76.2967741935484,0.0526108072184449,0.0343697385711712,0.00219819163603905,-0.00950738154759731,-42.6120130248488,-22.8606551480982,-37.4018315916619,98.0431984888358,-0.341640839027565,-2.04679231332998,-0.823499483586659,29.3714440447615,210.015410535688
-0.177801451717195,-0.134647124760056,0.873760358793891,7.07467898996609,30.3781932526684,26.376635427111,-4.00862475520946,1.03851267881151,-1.94363012549355,0.394340234996739,-0.738028120476109,0.172627782113251,-12.8409031999145,134.025003410783,14.6441286980723,0.0338311340283507,-0.120906582588836,0.00316957210776545,0.00136751699810848,12.8225806451613,76.9354838709678,0.0523746229742856,0.0341448011957814,0.00236249618038866,-0.00892141122874199,-40.2416795064526,-21.5535656836186,-35.3567632470782,99.3202643285889,-0.530911293220351,-1.95441631580102,-0.784193785570798,22.9117057055766,210.49168406214
-0.264037813620299,-0.129351931559553,0.827462629385037,7.53851030743939,35.2333115903293,29.4333353733655,-5.8071627926612,1.04705474923728,-1.60158759722043,0.397583798727625,-0.608148983003793,0.171162285127282,-16.984506653756,123.59775229873,11.1621641302759,0.0343685489737666,-0.110107544613881,0.00314656714891876,0.00136751699810848,12.7209677419355,76.5725806451613,0.0523746229742856,0.0342598259900148,0.00240002494767044,-0.00812457571667563,-38.1088944339175,-20.3007382436926,-33.593377111798,100.150895802418,-0.694045299207016,-1.8577146781831,-0.746020963386285,17.5474220638143,208.957284719246
-0.326344054117051,-0.139731995473798,0.816071913378108,7.91257573857644,40.0000235554127,32.1400354860268,-7.86781673366135,1.14817110530695,-1.30997624320075,0.435979331519925,-0.497419386516403,0.169328611121356,-21.1535386614062,106.435410026401,9.83017627403727,0.0333957452095487,-0.0962211292546821,0.00314298859976484,0.00136751699810848,12.7051612903226,76.5129032258065,0.0523746229742856,0.0342777187357844,0.00233209210287409,-0.00709992991774643,-36.9455171814598,-19.3049229164949,-32.9439285504138,100.574636107027,-0.676622837417553,-1.88533252732306,-0.68635186290047,13.4258656470827,203.933537430303
-0.379967961999401,-0.135714392558467,0.779570460671437,8.21218177134985,44.5155179429224,34.3210181706069,-10.2017470734596,1.16529953726323,-0.956833080855292,0.442483277037946,-0.363325156885843,0.167903687819493,-24.585359183997,85.4252660642526,6.80555316215618,0.0304711877487919,-0.0800660994758741,0.00310515822299473,0.00136751699810848,12.538064516129,75.8387096774194,0.0523746229742856,0.034466870619635,0.00212786436919614,-0.00590788841774437,-37.2043189733054,-19.0019727922508,-33.6128796786524,100.445823714128,-0.530097363532247,-2.00459098214526,-0.613580665185754,10.0831275302034,191.74444505294
-0.436530429343912,-0.145006342988454,0.760106868690534,8.45261360583622,48.6370952944707,35.9198452501686,-12.7245466548513,1.07619978770214,-0.586853923284089,0.408650646106293,-0.222838024742699,0.166589709326421,-28.1433270510537,62.9395500778451,2.31329331851269,0.0285333560984075,-0.066711022163658,0.00303767701037779,0.00136751699810848,12.24,74.6,0.0523746229742856,0.0348042766827197,0.00199254168481811,-0.00492244879863695,-38.4232983275755,-19.0228373033021,-35.3159123026626,99.500979745316,-0.318926581224873,-2.09722961045545,-0.603831952381655,7.13839417719685,174.723730103667
-0.478158699671269,-0.156849955739147,0.749207057335089,8.61430827623659,52.2744099649227,36.9609283134165,-15.3200011472741,1.00480438813905,-0.416477462161643,0.381540646184468,-0.158143298248048,0.165013899034051,-29.6479170464393,40.2256065129449,-2.77707537764686,0.0269467622249828,-0.0560724599539617,0.00298757732222279,0.00136751699810848,12.0187096774194,73.6532258064516,0.0523746229742856,0.0350547751234947,0.00188174664133382,-0.00413745441435254,-40.2074973695031,-18.8270956614277,-38.0348924276041,97.5787040984155,-0.0186265066319568,-2.11992601151731,-0.532662989452513,5.15836287249951,155.265797561061
-0.518980353950464,-0.149246890782786,0.703451544728149,8.74220718988582,55.4530522237567,37.4865662351065,-17.9734551604019,0.988358934100097,-0.317341296041233,0.375296038542537,-0.120499675938749,0.161894331912148,-29.3700517049545,17.2949141503908,-8.91049366874101,0.0233811050013681,-0.0428575867301429,0.0029075711875671,0.00136751699810848,11.6653225806452,72.1975806451613,0.0523746229742856,0.0354548057967731,0.00163274962088793,-0.00316236012385967,-42.1531339903437,-18.6368222013976,-40.9767115842768,93.965195972699,0.302891342412152,-2.11584120643584,-0.420508302050181,2.7438103094609,133.367204154451
-0.539961272067922,-0.136184936323964,0.671199587440445,8.79672082465881,58.0757353990278,37.4855443881227,-20.5971855736512,0.926375207106381,-0.219362184380062,0.351759804496124,-0.083295406115626,0.150196474595221,-29.3303949841289,-5.31348341850196,-13.5925067891258,0.0210875050576661,-0.0331643180592135,0.00281682940544962,0.00136751699810848,11.2645161290323,70.5,0.0523746229742856,0.0359085147073605,0.00147258292054041,-0.00244711671764973,-43.9265147458493,-18.179415573188,-43.9420573281739,83.4791668882799,0.624020392505417,-2.06010663994921,-0.348644964896253,0.918657812963611,109.865973007186
-0.571482037581829,-0.124292510992757,0.666595533009998,8.82172192354914,60.1750911761748,37.0596798897711,-23.1223353179096,0.86573280420488,-0.145614987939017,0.328732893126768,-0.055292390487359,0.123178650166073,-28.6213041715199,-24.0848491265846,-17.0610659823625,0.0179109874080412,-0.0232934349202724,0.00268314503348499,0.00136751699810848,10.6740322580645,67.9693548387097,0.0523746229742856,0.0323992354495807,0.001250760299759,-0.00171876755925179,-44.8637772840538,-17.1647199438492,-46.2822423505456,61.6684602576304,0.813082679324727,-1.80910502270727,-0.300540290526128,-0.534132400342004,86.4717697301255
-0.58791659155691,-0.107437630025289,0.66120326733908,8.77260280810366,61.78720567557,36.2798420516409,-25.5145025899681,0.821875191991344,-0.0804454474962346,0.312079441070242,-0.0305464510133734,0.092267198531422,-26.8492170316056,-42.6887952240873,-20.3613344107652,0.0162797972162714,-0.0165931712659815,0.00252338837482746,0.00136751699810848,9.9683870967742,64.9580645161291,0.0523746229742856,0.0293152959071647,0.00113685100560663,-0.00122437092574342,-44.663201582935,-15.6571971971703,-47.5061082204199,38.0653547956928,0.807617371697941,-1.38042646636056,-0.217409442122588,-2.77867131050823,60.7906284540304
-0.609051313296915,-0.0979966228080339,0.636703698594433,8.67314252294566,62.8588334025694,35.1316103127141,-27.7338844815346,0.843827408907478,-0.125390082032219,0.320415056565389,-0.0476126632093051,0.0718726674236185,-24.2797919893538,-58.1243857050322,-17.6874758446804,0.011231976030573,-0.00358353955558,0.00225934256939829,0.00124610193752876,9.26177419354839,62.7758064516129,0.051354736465416,0.0270585292662804,0.000784351492569206,-0.000264420921882416,-45.3993369081398,-15.1000529105476,-49.1043050676892,22.4552454105406,0.849046698580734,-1.08464773625296,-0.137563771054908,-3.3825703785822,35.964946975675
-0.610784908443163,-0.0886618824592552,0.588359671004333,8.53443190129524,63.3207385524175,33.705745803051,-29.6219492202739,0.798149430562323,-0.0312550426793378,0.30307038174118,-0.0118680504595363,0.0599866362900937,-21.6261312486362,-71.3235426455593,-13.0921405676274,0.00850194651319647,0.00295362132689765,0.00203977301773938,0.00104800368079341,9.04193548387097,63.1290322580645,0.0496907111088391,0.0244394527164576,0.000593708036699666,0.000217940743233526,-45.9318459463375,-14.8386076870276,-50.1188317951145,13.9963316070745,0.878992874610335,-0.938983698267173,-0.0942198895673861,-5.07340838891253,10.7133947468707
-0.54669028191106,-0.0802045574542709,0.567935962347701,8.41620798050024,63.3662244054175,31.992489937001,-31.3804863503275,0.701007131381662,-0.0760363547415836,0.266183863291675,-0.0288722464432556,0.050922710923713,-18.5426472435245,-83.724217058463,-9.44440934654921,0.00512326182903304,0.00551654818431097,0.00197305863708399,0.000920198353867388,9.23112903225808,64.7693548387097,0.0486171463626605,0.0228528705076428,0.000357767684999227,0.00040705306412285,-45.7658819876029,-14.3379943464636,-50.3847366543709,8.57732890634895,0.890323927606553,-0.828519252413156,-0.0736606369351431,-3.28302543009645,-6.65108408441407
-0.522646981523164,-0.0844137660426496,0.546216063773229,8.44149428030379,63.282036903372,30.2285069978447,-33.0606429418021,0.676927474007088,-0.398690454882654,0.257040423888896,-0.151389280917886,0.0476280964119867,-14.5099513384524,-85.0818413615341,-9.92925709940953,-0.00311935692251103,0.0124929425689317,0.0019048105925055,0.000826900465211391,9.28290322580646,65.5967741935483,0.0478334440979501,0.0224477276212873,-0.000217830972160897,0.000921824732186148,-47.1430766205017,-14.7472736433866,-51.9231046853209,6.65275008182798,0.960831345847909,-0.747022989868124,-0.0222454657544315,-0.475998128271733,-15.4438427701946
-0.503459849159481,-0.0832384933646041,0.539182913025035,8.56219157437642,63.3702316795563,28.6378405448071,-34.7395860025016,0.390891902380525,-0.0468571526615041,0.148428043092804,-0.017792426581601,0.0461290650972333,-10.5252888833673,-86.8425386996865,-10.3993552459561,-0.00332690602688099,0.0076638141284831,0.00183630693727315,0.000792393026941362,9.11096774193549,65.0838709677419,0.0475435816164818,0.0225141863912888,-0.000232324543848627,0.0005654947477372,-47.3414513053847,-15.0815874004212,-51.8693350980794,6.68247472285946,0.951570932039062,-0.714057048878214,-0.0186248000788592,-0.743761463297719,-22.8541805960986
-0.488869991427084,-0.0988617217676364,0.562257137549047,8.70520871600394,63.5057995873447,27.1155824123555,-36.3971333231897,0.095602360030085,0.112556334762403,0.0363017783891197,0.0427394796483111,0.0453026087361045,-6.60217053749736,-86.4702960385446,-9.1290130878559,-0.0060161805202963,0.00569568457536326,0.00181585808496498,0.000792393026941362,9.02064516129033,64.6967741935484,0.0475435816164818,0.0226164306528296,-0.000420121994368203,0.000420271115418246,-49.1473354208138,-16.3166522686428,-53.1881760379716,6.33880151063836,1.06327367060324,-0.838971904772022,-0.0406474681283995,0.124660568020547,-27.4919015413669
-0.501771669336998,-0.0994687608011836,0.586853182994717,8.83348908609234,63.6489831620963,25.7591045078116,-37.8972240502243,-0.0528949103252397,-0.00101601542451895,-0.0200850618325212,-0.000385797659903036,0.0441720460937679,-3.03833161583718,-83.2233503037465,-9.69826052196452,-0.00959612262797411,0.00858619483225426,0.00181483564234957,0.000792393026941362,9.01612903225807,64.6774193548387,0.0475435816164818,0.0226215428659067,-0.000670116557019098,0.000633555041822121,-51.2785463311455,-17.867207177164,-54.6516085031191,5.61598744808268,1.15214904226449,-0.972549858045227,-0.0564149435633047,-0.824226343437302,-33.1522851180594
-0.503430411302126,-0.118302330381622,0.626617806347233,8.87780430600547,63.6686211411742,24.3430579281186,-39.3356166813888,-0.167248609934585,0.0412709254139919,-0.0635070302848489,0.0156712448084038,0.0427896890780394,1.28163166533257,-86.6211482049844,-10.8060006657657,-0.00945486853064652,0.00645433187886867,0.00181483564234957,0.000792393026941362,9.01612903225807,64.6774193548387,0.0475435816164818,0.0226215428659067,-0.000660252499103658,0.000476249908526347,-52.3772928154441,-18.7773144264133,-55.2953634335746,5.37531051913083,1.24133478187816,-1.08142766754738,-0.0843558432871409,-2.40799976800635,-41.3373077857335
-0.521147472271325,-0.131824578710529,0.668509739548478,8.84072133773831,63.446612141247,22.7791418871019,-40.6749587444606,-0.220964902358599,-0.151900762694251,-0.0839039843228878,-0.0576792018808918,0.0399697972897093,6.12971584309069,-85.9334264886655,-14.3017123881257,-0.008416463352733,0.00197930507119959,0.00181483564234957,0.000792393026941362,9.01612903225807,64.6774193548387,0.0475435816164818,0.0226215428659067,-0.000587738575554401,0.000146048247408958,-53.6181712324778,-19.7335234613934,-56.0940214852196,4.31870352326686,1.25246571977873,-1.14660095566429,-0.0930497161008831,-2.91968906283005,-47.4515925168519
-0.483735311014817,-0.134187762277829,0.691726722413724,8.78989991523264,62.9901597956015,20.9817757147838,-42.0160845301806,-0.214307849917075,-0.406782930875261,-0.0813761927246374,-0.154462126295453,0.0379766968072795,10.3443318373338,-89.8631233143181,-17.5199618295808,-0.00775749551056807,-0.00325537496848327,0.00178416236388733,0.000792393026941362,8.88064516129033,64.0967741935484,0.0475435816164818,0.0227749092582179,-0.000541721524845755,-0.000240206431905833,-55.0244747455373,-20.9138515604217,-56.9025068871731,4.07555768638953,1.32045967769896,-1.27992620339795,-0.104540066078418,-2.14258958277981,-52.078406473715
-0.498330470960862,-0.145989955437798,0.729959609095564,8.75416009764296,62.2697344483213,18.9807056079197,-43.296705535152,-0.20824513398818,-0.679461780520438,-0.079074080412581,-0.258002741486378,0.0357262453279954,15.5123563303492,-88.6580168820544,-20.0270189882471,-0.00821688760799639,-0.00835743136333598,0.00170466745053934,0.000792393026941362,8.52951612903226,62.5919354838709,0.0475435816164818,0.0231723838249578,-0.000573801799617675,-0.000616675125636962,-56.9935660472816,-22.4663695731714,-58.134704498901,3.78351335789591,1.41715889605159,-1.45804195563335,-0.104431290277359,-1.32989451057008,-56.2186521219183
-0.463451653445408,-0.13225116085334,0.752206521090086,8.72538172923848,61.2803383064106,16.9044555505158,-44.383017029454,-0.252656672835971,-0.900310980367895,-0.0959378674641238,-0.341862791675033,0.0326921751577071,19.0116351300373,-84.8193897771765,-20.6886103532381,-0.0104153480573143,-0.0105788554388559,0.00164102039773018,0.000792393026941362,8.24838709677421,61.3870967741936,0.0475435816164818,0.0234906190890036,-0.00072732471758716,-0.000780588762651554,-58.9235966367854,-24.294976616352,-59.0355728911916,3.24335525976996,1.47641164860669,-1.6578496514025,-0.117210323685558,-0.960239597909013,-59.2841292653113
-0.46495859199261,-0.151810171256953,0.759639122068653,8.68942374387173,60.074680899165,14.7973409805442,-45.2846901232102,-0.322418202842696,-0.974483878224486,-0.122427460415523,-0.370027453087381,0.0292116728417357,21.1999937793554,-76.7084206704642,-20.9523988834004,-0.0133252635043857,-0.0112806347212901,0.00158478605388272,0.000792393026941362,8.00000000000001,60.3225806451612,0.0475435816164818,0.0237717908082409,-0.000930529969979797,-0.000832371398769042,-59.2860925456468,-25.0592082884515,-58.7839878497086,3.04149659086228,1.43315951972668,-1.74706077927769,-0.104277344867614,-1.2287951658555,-60.0247424224468
-0.463152951854049,-0.147844484168644,0.768236034903506,8.6453826274013,58.712948862468,12.8755682379379,-45.8446305207427,-0.416060218945707,-1.05458840246231,-0.157984864180578,-0.40044444996834,0.0258851994132478,23.3829222382551,-62.9817908678934,-18.870345350038,-0.0159014296504206,-0.0131920893862049,0.00158478605388272,0.000792393026941362,8.00000000000001,60.3225806451612,0.0475435816164818,0.0237717908082409,-0.00111042883695109,-0.000973413124915535,-59.4525744233783,-25.4148291009228,-58.6638079666146,2.84671889163015,1.37399369722549,-1.75108658094972,-0.0483911012694292,-1.50726280542319,-57.0362642556835
-0.436807739972853,-0.15133740517183,0.768654110080122,8.551422357889,57.1027255131391,11.1502935086277,-45.9596494659971,-0.517046050599111,-1.09573130456589,-0.196330834719058,-0.416067082233689,0.0222051443297995,24.0121807791884,-51.1061046521241,-16.5498963307835,-0.0166338153150307,-0.0164754500556387,0.00158478605388272,0.000792393026941362,8.00000000000001,60.3225806451612,0.0475435816164818,0.0237717908082409,-0.00116157280196753,-0.00121568455561099,-58.9062531091824,-25.4074095237076,-57.8986125318805,2.39903123501195,1.29427656178084,-1.76265254677577,-0.0439187803547055,-1.62916745157438,-51.517648197239
-0.433382598694751,-0.134465451074838,0.783832873801892,8.5631514674594,56.063289769246,9.81551302569484,-46.2551084407132,-0.564248082357046,-1.24458666586917,-0.214254217529415,-0.472589895440009,0.0214164635561126,23.8347894447407,-37.7405907310426,-12.0043169610097,-0.01619925619549,-0.0232259821739941,0.00158478605388272,0.000792393026941362,8.00000000000001,60.3225806451612,0.0475435816164818,0.0237717908082409,-0.0011312266640223,-0.0017137903803822,-59.2033268893224,-25.9373659783698,-57.7887818461178,3.2112699605732,1.27766210529426,-1.85813702475874,-0.0620435793950727,-0.864657639802668,-43.0614636402681
-0.42380521490851,-0.133669558980754,0.781082774659498,8.44018528508115,54.3482630641858,8.65255356736184,-45.703102167435,-0.550261459366479,-1.36121289458758,-0.208943268217536,-0.516874780331576,0.0175276434355735,22.5989553897889,-25.2081132791895,-8.70407157636462,-0.0159367424479325,-0.0271570671241715,0.00158478605388272,0.000792393026941362,8.00000000000001,60.3225806451612,0.0475435816164818,0.0237717908082409,-0.00111289480067464,-0.00200385585626217,-58.95729525547,-26.3828272451404,-56.9953793059803,2.0029346628417,1.22117992960038,-1.91143960947465,-0.0915508878922513,-0.558433691944622,-32.9232191052274
-0.424343904205112,-0.149210522266763,0.802922637297043,8.59573259061671,54.3909121114563,8.30315824531179,-46.0960121338866,-0.571020403590333,-1.42733207930783,-0.216825778571562,-0.541981315256326,0.0206485400284736,20.4677570516289,-8.64135236308219,-5.0445803316828,-0.0163903114301168,-0.031262800592686,0.00158478605388272,0.000792393026941362,8.00000000000001,60.3225806451612,0.0475435816164818,0.0237717908082409,-0.00114456843558901,-0.00230680823390723,-60.6851248265955,-27.5428912488085,-58.2788353152672,4.06065377414046,1.31256277209019,-2.12482412895928,-0.0879475432934601,0.0808556721221318,-22.817063176493
-0.423402418110042,-0.145050664773553,0.777480221248564,8.33460896118839,52.3224372255441,8.01846238964307,-44.3114859745051,-0.541815266893697,-1.3999028173391,-0.20573611091219,-0.531565976251594,0.0152401590755376,18.2091857833913,7.91989024478741,-1.39472094574175,-0.015563680931303,-0.0322001114136365,0.00158478605388272,0.000792393026941362,8.00000000000001,60.3225806451612,0.0475435816164818,0.0237717908082409,-0.00108684316411559,-0.00237597018608386,-59.9599662743698,-27.8727267258037,-56.9234707788435,1.08044256489039,1.20986713135743,-2.07110397347689,-0.115576493881468,-0.456499883653305,-14.6418790309526
-0.435184888499666,-0.169249323435598,0.816099140197655,8.73366221135584,54.2799007572518,9.02226320519365,-45.2649618085697,-0.580839697111649,-1.43190007858094,-0.220554324783563,-0.543715859228272,0.0275978524536321,13.2078586529037,25.6654980012936,5.42052800478152,-0.0168001506317591,-0.0346680706628732,0.00158478605388272,0.000792393026941362,8.00000000000001,60.3225806451612,0.0475435816164818,0.0237717908082409,-0.00117318833191416,-0.00255807507141581,-63.0389626834194,-29.2455769077067,-59.9049790771164,7.28788484022097,1.46232725308572,-2.32201199815484,-0.123683534736042,0.229026666331538,-7.28539480945161
-0.169553165198797,-0.34309188938631,1.26491510413523,8.09494272479736,50.4045975002979,9.20947321232791,-41.2015930766282,-0.531818984662112,-1.29471576533572,-0.20194035919464,-0.491624733691996,0.0351031129742027,4.82518548104196,28.570586343037,9.35811306144871,-0.0151107789444877,-0.0323626990609493,0.00139946832983999,0.000792393026941362,8.00000000000001,58.4811874801261,0.0456904043760544,0.0492192226314637,-0.00105521610683028,-0.00238796714465578,-59.0088593815478,-26.2754204448557,-57.1757087926961,12.4456018101632,1.79388787019907,-2.15785197559061,0.142501573076846,1.42282175439334,-2.86171766419825
0.242678931814418,-0.349108197608433,1.86795151592885,9.50989807212165,57.2558642107774,11.3329423443195,-45.9303911883011,-0.799882800243144,-1.44053215682451,-0.303728570534843,-0.546993600398437,0.137201036495744,0.876238652202637,14.6574250808735,16.0785032682716,-0.0246574172157642,-0.036950301762292,0.000792393026941362,0.000792393026941362,8.00000000000001,52.6556813158794,0.0396196513470681,0.132524266132363,-0.0017218770716251,-0.00272647551513838,-67.9550660718599,-26.0518152065212,-70.0511608642628,72.998441837938,4.49174210027255,-4.60389814268489,1.06698928104356,17.0459178006429,-1.43585433876584
